Employee_id,First_Name,Last_Name,Gender,Salary,Date_of_Birth,Age,Country,Department_id,Date_of_Joining,Manager_id,Currency,End_Date
568,Jessalyn,Werndly,Male,120124,13/03/1998,38,India,17,10/06/2000,9,USD,17/09/2003
922,Roze,Pickover,Female,110054,26/12/1997,22,UAE,12,08/07/2014,5,USD,04/08/2008
695,Ronnica,Eagleston,Female,122386,13/03/1986,55,Japan,6,24/05/2005,10,USD,26/03/2010
919,Thorsten,Surgison,Male,96053,07/02/1987,56,Japan,17,30/04/2010,8,USD,30/12/2011
577,Cob,Cresar,Male,93902,01/10/1981,64,Denmark,12,08/07/2002,9,USD,11/08/2002
909,Justis,Weatherhogg,Female,102395,06/03/1983,56,Brazil,15,17/09/2000,3,USD,08/07/2013
876,Dione,Mather,Male,106302,30/04/1988,30,Brazil,7,19/04/2015,5,USD,10/03/2002
944,Carlee,McMurraya,Male,87755,26/11/1992,33,Germay,15,15/05/2001,7,USD,07/11/2006
905,Willamina,Jelk,Male,82177,21/02/1982,49,USA,12,17/01/2002,9,USD,15/03/2010
928,Beryle,Brizland,Female,127572,19/01/1996,43,Denmark,5,28/04/2011,5,USD,05/04/2014
543,Nickie,MacMichael,Female,105029,09/09/1991,46,Sweden,8,06/06/2008,5,USD,27/11/2008
629,Mar,Borell,Female,130428,17/05/1998,44,Germay,5,26/06/2013,8,USD,07/12/2011
583,Otis,Melding,Male,81920,09/09/1987,52,Japan,19,24/06/2017,5,USD,12/03/2004
610,Minny,Lappine,Male,83197,23/04/1994,36,Japan,8,19/02/2016,2,USD,06/07/2008
998,Rand,Decort,Male,132404,06/08/1996,22,Germay,15,07/02/2001,10,USD,21/05/2006
999,Constancy,Dovinson,Male,107577,17/11/1997,41,Australia,5,21/05/2003,7,USD,01/12/2012
735,Arlina,Shannahan,Female,119523,24/05/1999,53,Sweden,12,14/04/2012,9,USD,16/06/2015
791,Kit,Haward,Female,90560,02/02/1995,36,Canada,16,07/11/2016,1,USD,06/12/2015
784,Bidget,Haffenden,Female,134213,03/09/1980,60,Germay,3,26/07/2010,10,USD,06/06/2011
739,Staford,Mansuer,Female,108863,25/04/1988,29,China,17,29/07/2009,10,USD,27/03/2002
686,Malorie,Kelland,Male,136875,19/05/1997,61,Germay,16,06/07/2007,7,USD,15/04/2013
765,Giselbert,McLagan,Male,107439,06/05/1985,60,USA,14,01/06/2011,5,USD,28/08/2007
558,Bradford,Sadd,Female,129149,10/02/1998,53,Germay,16,10/04/2002,10,USD,30/06/2007
998,Mervin,Dickin,Male,82513,23/05/1995,38,Sweden,18,22/08/2012,9,USD,06/03/2010
753,Toby,Cordle,Male,85727,10/01/1991,51,UAE,12,18/04/2015,10,USD,14/03/2005
655,Daryle,Clackson,Female,81473,14/07/1997,41,UAE,9,16/02/2005,4,USD,19/02/2016
990,Aubrie,Halfacre,Female,88916,17/08/1986,28,China,16,15/12/2007,2,USD,16/06/2006
658,Berri,Ridgeway,Female,127042,05/12/1985,31,Sweden,2,14/05/2003,7,USD,06/07/2006
651,Randi,MacKim,Female,126738,03/11/1998,30,Germay,13,09/06/2003,4,USD,09/05/2008
923,Carlo,Roberds,Female,111373,08/02/1986,29,Denmark,1,02/02/2014,6,USD,18/10/2018
852,Dione,Larmet,Female,133762,27/05/1987,26,Australia,10,21/01/2012,4,USD,10/10/2002
635,Waylen,Stoffer,Male,110111,08/07/1987,40,Sweden,14,11/04/2006,9,USD,12/11/2015
843,Pierson,Washington,Male,132808,02/05/1991,38,Canada,8,07/03/2007,10,USD,25/03/2014
563,Auberon,Whapham,Female,120026,22/08/1983,44,Canada,10,02/05/2000,4,USD,02/10/2013
790,Bernardine,Vicarey,Female,137786,18/05/1983,25,India,2,20/05/2017,9,USD,02/05/2017
936,Oriana,McLarty,Male,93793,05/07/1983,60,Sweden,15,04/08/2004,10,USD,04/02/2005
681,Evania,Monck,Male,106758,25/02/1993,24,China,11,16/05/2008,8,USD,01/10/2006
694,Alano,Dutton,Female,93034,01/11/1994,59,Brazil,5,20/09/2011,7,USD,17/09/2008
550,Leia,Kneaphsey,Male,138903,10/06/1987,48,Canada,17,10/12/2003,9,USD,26/10/2007
764,Allister,Pudney,Male,109891,22/02/1992,60,USA,11,25/10/2002,1,USD,05/07/2012
876,Angela,Train,Male,122078,09/12/1992,32,Canada,6,30/04/2012,5,USD,29/05/2001
576,Merrili,Allabush,Male,148530,13/08/1997,29,Australia,4,10/10/2003,10,USD,03/11/2013
770,Alissa,Antonietti,Female,101662,14/04/1990,51,Japan,1,28/11/2013,8,USD,30/04/2004
965,Evanne,Scullion,Female,148764,09/04/1994,41,Canada,18,14/08/2009,7,USD,25/06/2018
994,Eulalie,Battany,Female,83334,05/03/1992,29,Japan,3,14/09/2012,8,USD,11/09/2005
905,Maurits,Gowdie,Male,126734,30/05/1989,49,China,1,06/04/2002,3,USD,18/02/2001
827,Thomas,Fagence,Female,103913,21/06/1984,25,China,14,12/05/2010,9,USD,29/08/2006
690,Harv,Donoghue,Male,146202,19/07/1981,47,USA,1,22/12/2001,7,USD,25/04/2013
813,Ambrosio,Rubee,Male,146863,26/02/1990,43,China,8,13/01/2003,8,USD,27/12/2011
959,Olga,Saurat,Female,137098,26/10/1990,50,Japan,7,23/03/2001,4,USD,28/03/2002
779,Stearn,Blazy,Female,113341,05/08/1991,41,USA,8,19/06/2007,1,USD,11/12/2010
532,Ronny,Arkell,Male,123496,17/07/1981,41,Australia,5,26/10/2005,4,USD,26/06/2015
725,Kerianne,Mintoff,Male,99198,09/01/1984,47,Canada,15,11/02/2013,1,USD,13/02/2017
582,Briant,Bevens,Male,101717,09/11/1982,33,Sweden,4,07/12/2015,10,USD,20/02/2002
705,Kippy,Hawes,Male,90115,07/10/1998,27,India,4,26/07/2010,5,USD,15/08/2000
508,Chandal,Tibbotts,Male,116106,18/03/1995,30,Brazil,9,15/04/2001,3,USD,17/09/2007
848,Hodge,Crooke,Male,145703,07/12/1984,28,Sweden,20,19/10/2015,7,USD,15/07/2018
655,Linette,Isakov,Male,94225,21/10/1986,33,Canada,12,07/11/2014,1,USD,15/05/2014
917,Rory,Nanninini,Male,149972,03/06/1992,64,Australia,4,25/04/2009,3,USD,21/01/2019
570,Carlen,Faichney,Male,112508,10/06/1992,22,Germay,7,31/07/2009,9,USD,10/06/2000
794,Ivy,Tomasi,Male,131510,17/07/1991,51,China,13,28/06/2012,9,USD,16/10/2004
596,Krystal,Warwick,Male,94537,15/07/1982,45,UAE,6,03/05/2017,5,USD,04/11/2002
635,Aldus,Monard,Male,130577,01/12/1981,62,Germay,16,11/03/2017,2,USD,06/02/2015
507,Sella,Sweet,Male,147457,20/04/1998,50,Japan,17,02/07/2013,6,USD,11/05/2018
855,Eloisa,McDonnell,Female,117441,13/09/1985,42,Germay,4,23/08/2001,9,USD,01/11/2007
808,Morry,Vazquez,Male,147915,22/12/1986,59,Canada,9,04/01/2007,1,USD,16/03/2011
589,Conchita,Brunelleschi,Female,117069,29/03/1982,41,Sweden,15,04/02/2009,7,USD,21/07/2001
908,Horatio,Stollman,Male,130880,05/04/1988,50,USA,19,21/01/2011,2,USD,19/05/2012
671,Merissa,Swigg,Male,92344,16/10/1993,22,India,10,10/09/2001,10,USD,24/10/2008
714,Brok,Basden,Female,120646,22/07/1986,65,Australia,19,05/04/2016,5,USD,17/07/2017
517,Ellerey,Tremathick,Female,90422,21/03/1986,36,Japan,14,14/04/2014,2,USD,03/01/2005
616,Griselda,Pendall,Female,148543,11/01/1993,61,China,2,21/01/2016,9,USD,26/11/2009
579,Kaine,Erratt,Female,101228,22/10/1990,28,China,9,11/04/2000,10,USD,01/02/2017
786,Arney,Sissot,Male,121436,23/05/1988,39,Australia,20,21/04/2015,5,USD,06/09/2002
704,Gweneth,Pidgeley,Male,104178,08/04/1994,23,Canada,18,26/11/2000,8,USD,20/05/2014
650,Giovanni,Bowery,Male,131287,21/09/1985,51,Germay,2,20/09/2011,1,USD,07/08/2010
973,Lurette,Maasz,Male,88365,04/02/1992,27,USA,6,21/11/2016,3,USD,15/10/2000
829,Marian,Netting,Female,101332,28/09/1997,26,India,12,28/05/2014,1,USD,03/10/2002
570,Clyde,Perone,Female,99839,01/11/1995,26,Germay,1,21/10/2017,7,USD,23/08/2007
808,Nathan,Grigorio,Female,123760,04/11/1980,53,Brazil,19,18/10/2004,10,USD,14/07/2017
708,Heinrick,Braybrooke,Female,127698,29/01/1991,39,Australia,3,17/01/2010,2,USD,03/08/2007
776,Mortie,Phettis,Male,133587,26/06/1985,35,Canada,3,21/06/2001,3,USD,03/12/2004
976,Ricki,Derrell,Female,147611,29/06/1993,44,USA,15,16/09/2005,5,USD,18/02/2017
575,Marylin,Pock,Female,101835,04/06/1983,22,Australia,8,12/02/2012,8,USD,14/12/2007
825,Belle,Finch,Female,127272,08/07/1986,62,India,9,05/01/2013,7,USD,12/10/2017
886,Harris,McGrah,Female,112618,11/10/1994,51,Sweden,6,12/12/2011,8,USD,19/12/2002
969,Ives,Shiel,Male,140954,13/05/1994,32,Australia,11,16/07/2002,7,USD,28/10/2003
782,Osmond,Wyrill,Female,134689,29/12/1985,63,UAE,4,29/01/2011,9,USD,31/12/2012
779,Caressa,Berkely,Female,125422,14/02/1989,56,USA,19,19/12/2000,6,USD,14/08/2015
920,Abbott,Dannell,Male,144339,12/05/1995,32,USA,8,09/03/2011,2,USD,24/07/2008
644,Mel,Darben,Male,127063,17/04/1981,61,India,12,22/02/2004,8,USD,19/11/2018
756,Hy,Down,Female,118835,14/11/1981,60,UAE,13,01/09/2009,5,USD,21/12/2010
527,Friedrich,Nelle,Male,92843,13/12/1998,27,India,5,30/07/2016,7,USD,01/01/2010
509,Emmalynne,Brocklehurst,Female,93302,01/04/1997,22,Australia,17,29/03/2009,6,USD,16/11/2003
883,Westleigh,Grigoliis,Male,92574,22/08/1998,57,China,9,14/12/2003,9,USD,19/05/2015
800,Lil,de Pinna,Female,95094,31/10/1991,29,Denmark,6,04/02/2007,9,USD,18/02/2001
687,Jana,Woollhead,Female,96963,27/10/1996,37,Sweden,17,26/03/2003,10,USD,07/11/2009
871,Nadya,Esche,Male,147303,12/07/1990,63,Australia,5,23/06/2008,7,USD,13/03/2007
631,Hort,Culp,Female,141006,09/03/1981,30,India,19,31/08/2012,8,USD,11/05/2004
693,Agosto,Stanistrete,Male,101592,10/10/1987,33,USA,9,12/07/2010,6,USD,07/11/2001
732,Mira,Wabe,Male,91108,22/01/1987,60,Germay,8,07/12/2005,8,USD,16/02/2012
614,Herve,McGragh,Female,99085,30/10/1999,41,Japan,19,18/08/2015,2,USD,29/01/2003
664,Linus,Joly,Male,142136,25/12/1987,47,Canada,1,16/07/2006,1,USD,15/09/2004
899,Erv,O'Kinedy,Male,97257,26/11/1983,35,USA,2,13/05/2009,6,USD,19/07/2012
762,Brander,Ogdahl,Female,148979,06/09/1983,23,Canada,15,22/08/2002,7,USD,04/12/2000
878,Loralyn,Martinat,Female,126690,11/09/1999,50,Australia,9,18/02/2008,2,USD,17/04/2010
871,Roosevelt,Duetsche,Female,125744,12/11/1999,56,Canada,13,13/04/2009,10,USD,17/12/2009
581,Lorilyn,Studd,Female,141153,24/06/1987,46,Sweden,11,20/12/2003,9,USD,02/03/2016
776,Dominick,Masterton,Male,147611,14/11/1998,41,Germay,14,03/03/2016,8,USD,30/11/2014
849,Lauri,Deacock,Male,108195,17/05/1997,22,Japan,4,26/12/2014,8,USD,24/05/2003
989,Nicholle,Woodham,Male,126537,23/12/1986,53,China,1,25/07/2003,8,USD,30/11/2011
597,Dodi,Edden,Female,140944,10/01/1999,25,Brazil,6,29/11/2004,9,USD,01/06/2011
942,Pail,Bartkowiak,Male,119501,02/03/1985,36,Japan,16,28/07/2008,4,USD,07/05/2015
955,Ursala,Gimson,Female,106267,12/01/1996,24,Australia,6,19/03/2006,5,USD,01/04/2002
524,Athena,Gallemore,Female,133490,08/11/1998,65,Sweden,4,28/08/2008,5,USD,30/07/2013
598,Rickard,Bobasch,Female,128069,07/12/1999,22,Canada,12,16/08/2016,9,USD,07/10/2017
620,Ramonda,Abercrombie,Female,100948,09/10/1985,38,Sweden,9,19/02/2014,7,USD,15/10/2013
899,Stace,Muschette,Male,95489,16/09/1990,38,USA,20,20/10/2000,3,USD,11/11/2002
521,Nick,Gipson,Female,112090,24/07/1996,38,Canada,1,19/01/2004,8,USD,10/11/2016
798,Bevin,Shellshear,Male,95380,11/11/1988,57,UAE,3,26/07/2016,8,USD,29/04/2013
518,Mariska,Thurley,Female,113278,18/11/1998,52,Denmark,11,11/01/2015,9,USD,20/03/2003
862,Muhammad,Tethcote,Female,97102,24/06/1984,26,UAE,14,22/01/2015,6,USD,21/10/2013
750,Sean,Grandham,Male,110692,16/08/1997,53,China,12,19/09/2011,8,USD,29/09/2013
943,Pattie,Gummory,Male,129286,03/12/1996,42,UAE,8,12/12/2010,10,USD,12/05/2004
526,Daren,Basil,Female,109073,17/06/1982,27,UAE,3,22/05/2011,7,USD,14/04/2008
609,Joni,Mc Curlye,Male,96122,06/02/1997,36,Denmark,18,12/09/2000,5,USD,28/10/2017
690,Frants,Beardow,Male,95962,28/10/1986,53,India,15,20/12/2006,7,USD,22/04/2002
606,Werner,Epinay,Female,103169,24/05/1980,40,Canada,12,10/09/2010,9,USD,30/08/2012
982,Welby,Blackleech,Male,111878,09/07/1995,30,UAE,2,10/02/2002,9,USD,13/05/2003
746,Nike,Gayton,Male,128382,02/01/2000,53,Germay,18,10/06/2004,2,USD,24/06/2017
795,Sarene,Coram,Female,137678,22/10/1981,44,Sweden,14,02/09/2001,10,USD,23/11/2009
560,Maryrose,Jewks,Male,133955,29/07/1995,62,Denmark,3,28/09/2014,5,USD,08/02/2009
628,Perri,Kelemen,Male,90403,19/02/1998,39,USA,19,21/07/2001,8,USD,11/04/2007
922,Renata,Keming,Male,146495,27/07/1991,41,Brazil,20,18/08/2016,8,USD,05/12/2000
584,Samantha,Covet,Female,116088,24/07/1980,31,Germay,19,16/09/2003,2,USD,17/02/2011
588,Cece,Dymick,Male,126151,26/02/1992,61,Germay,13,20/05/2014,4,USD,18/06/2013
615,Lucilia,Baty,Male,140949,01/06/1984,29,USA,5,23/03/2003,1,USD,06/10/2007
732,Tedda,MacLure,Female,103250,12/09/1982,27,UAE,2,09/09/2000,8,USD,10/12/2012
740,Gates,Hedingham,Female,115372,11/06/1995,51,India,13,09/01/2011,8,USD,18/09/2008
615,Allix,Sainz,Male,108970,12/02/2000,63,China,18,09/09/2010,2,USD,27/08/2014
810,Uta,Le Estut,Female,83036,13/02/1981,64,Brazil,9,20/11/2012,6,USD,27/07/2009
768,Dukie,Minnette,Male,133541,04/09/1981,29,China,15,30/07/2006,4,USD,29/05/2009
520,Elnore,Kiwitz,Male,103792,10/08/1996,34,Brazil,19,20/08/2003,6,USD,12/02/2011
653,Packston,Stuer,Male,117734,19/06/1983,28,UAE,14,16/03/2013,8,USD,09/06/2017
985,Melisa,Bogue,Female,93375,23/08/1998,43,Japan,15,06/03/2001,1,USD,13/08/2015
858,Thalia,Mathewson,Male,104543,30/04/1999,39,India,7,03/02/2017,8,USD,13/04/2017
840,Kathlin,Tommei,Female,82997,10/09/1986,24,Denmark,19,28/06/2014,8,USD,06/04/2004
714,Jenna,Bazell,Male,87546,03/07/1999,50,Canada,16,19/07/2013,1,USD,05/03/2007
566,Anetta,Brandts,Male,139091,29/05/1995,24,Sweden,18,28/07/2010,6,USD,23/11/2011
887,Karina,Wickliffe,Female,129348,24/11/1999,65,Brazil,7,23/12/2006,10,USD,11/09/2011
782,Auberta,Feighry,Female,105821,09/11/1980,42,UAE,5,15/08/2011,10,USD,05/05/2009
797,Wadsworth,Gilchrest,Female,139909,08/12/1999,65,UAE,10,23/09/2016,8,USD,25/11/2009
724,Haskell,Blint,Female,100647,15/10/1988,26,China,8,02/05/2010,1,USD,24/10/2009
572,Andreana,Fridd,Male,112040,01/05/1991,31,USA,16,24/01/2004,8,USD,14/11/2017
674,Maryrose,Burkitt,Male,137882,22/08/1989,65,China,11,11/02/2014,5,USD,19/09/2016
611,Gil,Patrick,Female,120722,19/04/1993,40,Sweden,20,21/02/2003,3,USD,20/11/2002
756,Mada,Munnion,Male,84698,26/10/1980,53,Canada,20,13/07/2004,8,USD,31/10/2010
657,Gretna,Tregensoe,Male,138322,14/06/1981,25,Australia,15,18/04/2015,2,USD,03/10/2007
686,Colver,Milillo,Female,139754,04/02/1983,52,Brazil,12,01/02/2018,6,USD,01/01/2014
995,Jessalyn,Deneve,Female,82667,28/10/1999,25,India,6,28/05/2000,4,USD,11/08/2011
997,Christian,Norton,Female,139944,14/12/1981,56,Sweden,7,22/09/2012,3,USD,05/06/2016
958,Stoddard,Ranking,Female,85744,25/02/1990,54,Japan,11,01/10/2011,5,USD,27/10/2000
759,Retha,Kemery,Female,111283,24/03/1986,49,Sweden,3,23/12/2016,10,USD,22/05/2011
684,Eryn,Killich,Female,120204,06/03/1994,24,Canada,8,06/05/2009,8,USD,14/11/2000
521,Fidole,Duham,Female,107814,05/09/1992,65,Canada,5,12/02/2016,3,USD,05/07/2018
560,Margi,Iglesia,Female,91959,16/03/1988,24,Germay,19,03/11/2002,4,USD,19/05/2003
728,Cahra,Deval,Female,91327,30/03/1997,60,China,4,29/11/2007,4,USD,26/11/2008
531,Cordell,Acres,Male,104221,04/02/1982,31,India,10,18/10/2012,7,USD,19/11/2004
583,Shermy,Say,Female,146957,18/05/1986,65,Japan,17,20/11/2001,6,USD,13/02/2009
644,Carlo,Sprey,Female,121717,24/05/1999,54,UAE,1,07/12/2009,7,USD,11/02/2010
701,Merl,Tamburo,Male,121090,22/03/1980,39,Germay,12,31/05/2004,2,USD,09/08/2010
821,Tracy,Sones,Male,80207,27/06/1985,34,UAE,3,06/11/2007,6,USD,07/12/2014
743,Isaiah,Barnby,Female,125153,09/08/1998,58,Australia,17,14/06/2014,7,USD,28/08/2015
940,Ingar,Richardes,Female,86052,10/09/1993,27,China,18,23/11/2004,5,USD,03/04/2000
701,Pet,Bolzen,Male,101485,14/05/1980,55,Japan,16,20/03/2016,2,USD,07/10/2013
981,Malissa,Matussov,Female,111892,01/12/1983,64,Canada,15,01/04/2004,3,USD,21/05/2015
800,Consuela,Simoneton,Male,141608,13/12/1990,63,Australia,7,28/04/2008,9,USD,14/06/2015
797,Dacia,Moberley,Female,138388,19/10/1982,31,India,9,08/03/2013,3,USD,15/04/2001
722,Iormina,Drewell,Female,105844,15/07/1982,59,UAE,20,30/09/2013,3,USD,21/10/2000
749,Isaac,Lefley,Male,127295,18/06/1991,54,Brazil,6,12/06/2003,3,USD,10/03/2019
880,Diandra,Antosik,Female,146503,12/11/1990,58,USA,12,22/05/2010,7,USD,16/08/2018
689,Clerissa,Smylie,Female,80151,13/04/1980,30,USA,12,12/04/2010,7,USD,11/11/2009
618,Mariann,Meredyth,Female,135956,26/10/1988,63,Sweden,12,19/01/2005,2,USD,24/03/2015
576,Thedric,Stollhofer,Male,148403,03/05/1981,50,Denmark,3,26/04/2016,2,USD,20/02/2003
886,Fiona,Potes,Male,97862,16/05/1982,58,Germay,14,29/01/2006,6,USD,07/09/2003
794,Lorri,Goare,Male,146455,17/12/1992,54,Australia,12,24/12/2005,6,USD,19/12/2013
896,Whitby,Manjin,Male,107925,10/01/1990,63,Canada,12,28/08/2006,3,USD,29/11/2002
937,Damiano,Hatfull,Male,85836,13/05/1984,35,Canada,6,22/11/2012,4,USD,19/03/2013
739,Virginie,Pampling,Male,106171,12/06/1995,46,Germay,18,27/04/2010,6,USD,03/05/2014
611,Annamarie,Dunford,Male,122219,05/12/1980,29,Germay,14,06/02/2005,5,USD,27/06/2017
741,Tiertza,Treadgear,Female,111499,06/11/1983,27,Germay,9,19/04/2009,9,USD,10/02/2018
956,Fredrika,Holttom,Female,103407,26/09/1981,45,Sweden,8,24/11/2007,2,USD,12/12/2013
837,Aurore,Ancketill,Male,104237,18/04/1997,41,Brazil,6,16/04/2017,10,USD,01/07/2009
838,Kora,Cridlin,Female,110678,26/04/1980,36,USA,13,11/07/2009,7,USD,23/01/2002
741,Lennie,Quadrio,Female,127600,25/11/1988,49,Germay,15,04/01/2017,5,USD,25/07/2009
595,Randie,Simkins,Female,101275,27/03/1987,42,China,6,20/06/2001,3,USD,14/07/2011
818,Latashia,Shills,Male,148374,27/09/1986,47,Germay,2,09/03/2008,7,USD,21/05/2003
631,Dimitry,Garwill,Male,102195,24/07/1985,49,Germay,10,18/07/2012,6,USD,26/03/2002
633,Algernon,Yukhin,Male,83942,05/04/1988,40,China,3,04/03/2002,9,USD,20/08/2005
681,Sayre,Jados,Male,126086,27/07/1995,58,India,10,23/01/2008,9,USD,16/05/2002
829,Hakim,Treswell,Female,149470,02/12/1985,46,Germay,13,11/12/2015,9,USD,14/03/2011
674,Lainey,Belton,Male,89292,15/01/1983,24,Japan,11,08/01/2005,6,USD,22/02/2014
656,Margo,Upfold,Female,124264,08/11/1993,41,Australia,5,10/09/2005,2,USD,03/08/2000
524,Florri,Dukesbury,Male,108095,05/11/1985,38,Canada,7,11/08/2015,8,USD,03/03/2013
879,Colet,Farnfield,Male,118092,25/03/1983,55,Japan,16,01/07/2002,10,USD,22/10/2005
513,Tish,Lergan,Female,106268,25/02/1989,61,Canada,14,02/05/2004,4,USD,10/08/2012
592,Marchelle,Exton,Female,120584,15/05/1989,46,Sweden,14,09/12/2006,4,USD,06/09/2006
894,Renae,Jerok,Male,130544,25/06/1992,59,Japan,15,29/01/2018,5,USD,13/04/2009
753,Perri,Argue,Female,146757,15/07/1999,49,Denmark,4,29/01/2009,1,USD,07/05/2012
745,Olly,Braybrooke,Male,104829,04/09/1980,42,Canada,5,17/12/2006,1,USD,30/10/2007
642,Annabel,Ohms,Male,148997,07/11/1989,25,UAE,7,17/07/2011,1,USD,04/02/2019
572,Reube,Cordrey,Female,127714,14/04/1980,50,Sweden,20,06/12/2007,1,USD,17/06/2000
522,Oren,O'Noulane,Female,144044,12/03/2000,22,Japan,16,29/05/2008,1,USD,08/08/2010
691,Lorne,Malyj,Female,148606,01/05/1996,33,Japan,9,28/10/2003,2,USD,08/06/2014
560,Gray,Tookey,Female,123506,02/07/1997,29,Canada,14,01/01/2015,8,USD,20/04/2007
963,Consuela,Starsmeare,Male,132865,08/03/1999,31,Sweden,19,17/07/2006,5,USD,25/03/2014
692,Farris,Jordeson,Female,94100,14/05/1986,27,India,9,08/05/2008,2,USD,24/05/2017
972,Brockie,Iacovino,Female,122336,29/03/1981,29,Denmark,2,08/10/2012,2,USD,29/10/2013
534,Nan,Bront,Male,111077,11/06/1998,55,Germay,17,12/03/2009,6,USD,06/12/2011
978,Nixie,O'Hegertie,Male,134538,13/08/1991,65,Denmark,12,05/02/2003,9,USD,30/08/2009
786,Lexy,Gidney,Female,132396,13/04/1981,41,UAE,5,02/10/2014,2,USD,22/01/2009
611,Ingamar,Wrinch,Female,136510,07/10/1995,48,USA,14,16/04/2003,5,USD,01/01/2001
957,Arturo,Burmaster,Female,88609,09/01/1998,34,UAE,12,20/03/2001,3,USD,02/12/2010
896,Wendeline,Dickey,Male,84767,24/04/1982,60,Japan,3,18/03/2006,5,USD,07/09/2018
602,Dorene,Supple,Male,100127,20/10/1982,53,China,12,06/07/2004,6,USD,15/05/2011
552,Athena,Roswarne,Female,129408,07/06/1993,56,UAE,13,29/11/2014,2,USD,01/07/2004
732,Rhiamon,Bangiard,Female,86012,29/03/1992,22,Brazil,16,07/01/2012,1,USD,16/07/2013
855,Ichabod,Tuckerman,Male,91919,19/10/1989,51,Australia,20,26/03/2007,6,USD,19/09/2003
860,Cameron,Ibotson,Male,82638,10/06/1980,54,India,4,06/06/2012,5,USD,07/09/2018
554,Krispin,Crisp,Male,137734,31/08/1996,32,India,13,07/03/2014,6,USD,09/06/2004
730,Sherri,Coughlin,Female,95126,09/06/1996,59,India,9,29/11/2005,6,USD,23/06/2018
808,Lurleen,Calderon,Female,119675,06/04/1989,42,USA,9,04/05/2010,3,USD,19/02/2007
531,Dreddy,McOrkil,Male,100366,23/03/1992,36,Sweden,13,17/10/2004,4,USD,12/04/2006
561,Coretta,Lardeur,Female,118289,14/05/1991,27,Germay,19,29/04/2006,8,USD,27/11/2012
832,Salomo,Kilgrove,Male,146493,08/07/1994,40,Brazil,9,24/08/2006,2,USD,27/07/2010
778,Terri,Dmitr,Male,106489,17/02/1990,51,USA,4,07/01/2001,4,USD,12/07/2004
804,Nickolaus,Howatt,Male,141574,16/11/1993,54,Japan,14,06/08/2013,2,USD,04/03/2012
840,Blisse,Pounds,Male,131354,28/09/1984,24,Germay,4,24/03/2017,9,USD,14/04/2005
949,Dorothea,Michell,Female,100549,13/06/1987,36,Canada,16,20/03/2013,2,USD,12/10/2009
838,Star,Epperson,Female,143874,02/03/1989,24,Australia,3,06/11/2017,3,USD,16/01/2001
826,Keane,Climer,Male,122917,27/07/1994,24,Germay,8,26/04/2005,8,USD,05/05/2012
776,Rakel,Howatt,Male,121609,23/12/1997,40,UAE,6,27/09/2000,9,USD,19/06/2001
655,Terence,Casassa,Male,96183,20/04/1993,59,Brazil,6,15/10/2008,1,USD,09/06/2015
579,Nelli,Leyre,Male,122647,13/01/1983,59,Brazil,11,31/05/2006,2,USD,25/02/2006
759,Leland,Itzchaky,Female,86658,11/03/1989,48,Sweden,6,23/01/2010,9,USD,28/11/2006
802,Jedediah,Larman,Female,132369,03/12/1996,45,Australia,15,21/12/2016,9,USD,05/06/2004
828,Caresse,Faltin,Female,110892,22/09/1998,57,USA,11,27/11/2000,5,USD,23/09/2010
609,Jesus,Colombier,Female,142547,22/04/1986,62,UAE,14,12/02/2012,9,USD,24/06/2010
657,Ethyl,Tirone,Male,110730,07/05/1992,57,India,12,26/04/2012,9,USD,23/02/2014
708,Edwin,Surmeyer,Female,121096,20/12/1997,59,China,9,16/10/2000,6,USD,02/03/2006
784,Fayette,Sprigings,Male,139420,29/01/1991,55,Japan,9,11/02/2012,6,USD,29/11/2006
822,Bronnie,Sturdgess,Female,116094,14/08/1988,42,China,12,16/04/2004,10,USD,12/06/2013
759,Jsandye,Shepland,Male,105860,19/03/1984,61,Australia,3,23/12/2009,5,USD,20/11/2004
568,Zsa zsa,Pley,Female,141809,22/09/1980,41,Japan,11,12/08/2011,4,USD,02/06/2011
974,Lucky,Balf,Male,123624,17/08/1980,42,Canada,7,26/08/2015,6,USD,20/07/2016
902,Clyve,Musicka,Male,132798,30/06/1980,56,USA,13,30/08/2001,1,USD,05/10/2002
651,Cedric,Ketteringham,Male,117955,14/03/1985,28,Denmark,2,02/04/2006,8,USD,28/06/2001
544,Luigi,Fryers,Male,80020,20/04/1989,46,UAE,15,24/01/2015,9,USD,14/04/2011
764,Marj,Ruggen,Female,133375,30/05/1984,63,Germay,20,15/12/2013,5,USD,02/04/2007
762,Nevins,MacAdie,Male,105060,23/04/1998,50,Canada,10,02/09/2009,10,USD,09/08/2016
602,Darcie,Ivanchenkov,Female,138613,07/07/1988,59,UAE,5,22/05/2003,6,USD,04/10/2003
830,Roselle,Boobier,Male,117582,17/03/2000,45,India,19,06/02/2007,7,USD,27/07/2007
656,Imogene,Glaysher,Male,137062,30/03/1996,53,China,2,19/07/2010,6,USD,26/06/2015
529,Davine,Barus,Male,80450,27/09/1996,40,UAE,19,28/02/2015,2,USD,27/05/2011
795,Dara,Kelby,Female,92541,23/01/1992,55,UAE,9,13/12/2012,6,USD,15/06/2005
793,Arlin,Hackwell,Male,138388,19/01/1992,65,Japan,17,18/04/2013,2,USD,31/10/2009
583,Huberto,Ollerhead,Female,130158,16/01/1981,28,Germay,6,03/11/2008,9,USD,08/02/2019
503,Gard,Olivie,Female,129375,20/06/1990,56,Australia,5,09/11/2008,5,USD,16/02/2002
705,Hastings,Pratley,Male,122909,06/04/1989,44,China,10,28/10/2000,6,USD,14/05/2017
729,Emmalynn,Ollin,Female,149443,13/04/1989,46,Germay,15,27/06/2017,5,USD,09/06/2002
801,Guenevere,Dobie,Male,114727,03/11/1994,51,China,1,13/03/2010,5,USD,21/11/2013
553,Eve,Faas,Male,129636,07/03/1997,29,Sweden,7,12/05/2005,6,USD,01/04/2001
740,Laure,Plunket,Male,112320,12/11/1988,36,China,8,12/03/2003,6,USD,23/08/2010
508,Robina,MacCome,Male,143979,28/11/1982,58,Australia,7,20/03/2010,10,USD,29/04/2002
857,Lilllie,Leonarde,Female,148936,23/10/1986,28,Denmark,5,12/11/2011,4,USD,29/10/2010
665,Miguela,Gravatt,Female,147019,04/08/1988,24,Australia,5,05/07/2010,4,USD,09/05/2013
503,Berty,Coners,Male,141808,27/04/1994,51,Australia,3,27/11/2002,6,USD,09/01/2003
543,Lorry,Phripp,Female,100218,10/01/1983,45,Germay,8,20/09/2009,5,USD,04/02/2002
726,Yorke,Bene,Male,132770,27/11/1990,53,Australia,20,10/05/2016,1,USD,26/04/2000
778,Tiff,Kmiec,Male,112161,25/12/1990,22,USA,10,01/06/2013,2,USD,17/12/2010
794,Laurette,Fotherby,Male,83650,25/02/2000,46,Denmark,7,01/12/2000,6,USD,10/05/2005
992,Wadsworth,Rawlinson,Male,116408,25/06/1996,58,China,16,11/11/2005,2,USD,17/07/2008
503,Ashla,Mortimer,Male,104221,05/05/1991,47,Germay,7,22/02/2006,7,USD,24/09/2014
821,Johnathon,Scholler,Male,81180,16/09/1983,45,UAE,4,17/05/2004,9,USD,10/06/2011
926,Kelwin,Fliege,Male,97318,11/07/1992,56,Japan,4,18/01/2016,2,USD,04/09/2005
727,Dewitt,Wais,Male,87856,31/03/1984,26,Brazil,19,03/07/2012,6,USD,23/10/2005
703,Jeremy,Della Scala,Male,115048,26/06/1990,36,Sweden,16,30/12/2011,4,USD,28/04/2005
970,Kakalina,Dobrowlski,Male,121351,28/10/1987,25,Australia,5,22/07/2003,9,USD,10/08/2011
899,Adam,Keinrat,Female,134718,06/06/1988,58,China,6,17/04/2000,7,USD,15/01/2019
892,Evan,Edeson,Male,96342,21/02/1981,44,Australia,1,14/10/2012,2,USD,30/11/2006
652,Korry,Sandwith,Female,149254,21/03/1994,27,Canada,11,14/06/2005,2,USD,30/04/2001
818,Ernesta,Swales,Male,112049,21/09/1997,48,UAE,3,17/03/2007,5,USD,21/11/2006
625,Joli,Manneville,Female,110692,13/01/1984,50,Brazil,4,12/07/2011,1,USD,12/06/2014
844,Milissent,Tampen,Female,126918,13/03/1999,51,Denmark,1,16/12/2012,10,USD,22/08/2008
795,Beck,Rawlence,Male,112234,20/03/1991,47,Australia,11,31/01/2004,2,USD,22/11/2012
514,Margeaux,Rosedale,Female,134430,02/07/1981,56,Brazil,3,23/10/2010,10,USD,05/05/2005
824,Erich,Bartoleyn,Male,132261,07/09/1986,41,UAE,13,29/07/2010,6,USD,28/08/2009
921,Victoria,Sore,Male,83290,15/07/1991,29,Australia,9,28/07/2005,5,USD,09/08/2006
604,Elroy,Franciotti,Male,114598,06/10/1980,52,Denmark,2,04/07/2000,3,USD,16/09/2015
934,Stanislaus,Boyford,Female,104169,19/10/1996,47,Brazil,13,06/04/2005,9,USD,01/03/2015
851,Patrica,Seivertsen,Male,129882,15/01/1999,22,Denmark,14,11/11/2015,6,USD,21/01/2009
535,Rees,Zavattiero,Female,139452,19/12/1981,30,Denmark,4,08/09/2000,10,USD,24/11/2007
964,Wylie,Kitteman,Female,113146,20/07/1982,30,Canada,8,27/08/2014,2,USD,01/07/2008
641,Nikolai,Lowater,Male,105565,05/07/1995,29,Germay,20,21/01/2014,5,USD,01/03/2006
610,Vanni,Managh,Female,126778,09/03/1981,58,Australia,6,09/10/2005,7,USD,29/08/2013
735,Lucina,Izatson,Male,111033,05/01/1994,22,USA,6,27/07/2005,6,USD,08/04/2017
980,Joyann,Spreag,Female,81579,20/08/1990,42,Japan,6,20/04/2003,7,USD,05/01/2009
538,Carree,Tenaunt,Male,126341,26/04/1992,54,Sweden,15,10/05/2001,4,USD,02/04/2017
588,Rosemonde,Shatliffe,Female,111149,31/03/1993,28,Australia,20,16/05/2017,1,USD,05/09/2015
867,Fonzie,Deppe,Male,98952,26/12/1980,30,USA,2,01/03/2004,8,USD,28/07/2002
990,Louie,Stiegers,Female,82984,01/08/1994,53,Canada,15,28/02/2018,10,USD,06/11/2007
532,Conchita,Dami,Male,135754,09/02/1998,47,Japan,4,17/08/2003,3,USD,22/11/2012
896,Willabella,Viegas,Male,110334,19/06/1987,45,Australia,2,16/05/2017,2,USD,07/07/2011
524,Dalli,McGeraghty,Male,133074,02/09/1996,50,Australia,16,10/02/2010,3,USD,05/12/2018
994,Mame,Hurtado,Female,140679,25/04/1991,34,Japan,1,27/07/2003,7,USD,20/11/2006
660,Earvin,Kirrage,Female,141454,21/05/1986,50,Denmark,2,09/09/2011,6,USD,29/01/2010
805,Whitney,Moxted,Male,147770,30/11/1982,56,Sweden,12,07/08/2000,4,USD,01/10/2009
794,Kanya,McKillop,Female,127461,13/01/1981,55,Australia,9,31/08/2004,7,USD,27/03/2002
616,Terza,Delacote,Female,103619,27/05/1981,26,China,9,19/09/2017,9,USD,12/09/2004
576,Phylis,de Grey,Female,133925,15/02/1985,46,Brazil,18,24/01/2012,9,USD,14/01/2004
883,Kala,Martinet,Male,89673,26/09/1997,46,India,3,14/04/2017,10,USD,22/12/2016
812,Romeo,Hubbard,Female,108332,21/09/1992,40,UAE,17,18/07/2001,2,USD,24/06/2004
504,Charlotte,Chadband,Male,123759,08/02/1988,51,India,12,20/12/2005,4,USD,13/08/2004
862,Miltie,Leele,Female,88886,13/01/1987,49,USA,18,25/01/2012,1,USD,08/02/2012
826,Adolphe,Broomhall,Male,104638,30/06/1988,45,Brazil,8,16/11/2011,6,USD,27/11/2015
722,Marj,Chopping,Male,108079,30/07/1982,42,Denmark,5,28/06/2002,4,USD,15/05/2007
716,Dominik,Macari,Male,101518,16/08/1997,60,Canada,16,08/07/2017,2,USD,19/04/2013
942,Ella,Petre,Male,142697,14/01/1994,31,USA,15,04/03/2007,3,USD,18/05/2009
991,Christian,Ship,Male,101220,08/06/1980,31,China,9,12/06/2006,3,USD,03/04/2003
994,Janeen,Sedgeworth,Female,122655,25/10/1988,50,Denmark,18,13/07/2004,8,USD,04/08/2015
593,Blakelee,Castangia,Male,93444,21/06/1991,57,Brazil,11,07/01/2009,4,USD,14/10/2012
627,Gherardo,Keegan,Female,102069,28/01/1992,31,Germay,13,22/03/2012,4,USD,03/03/2001
953,Gerry,Dallimore,Male,123595,19/07/1989,60,Australia,9,09/03/2017,2,USD,22/08/2007
560,Merrili,Lackmann,Male,143585,19/03/1985,47,Canada,7,26/11/2014,1,USD,16/07/2016
665,Ruddie,Prose,Female,132114,13/10/1995,54,Australia,14,18/12/2001,10,USD,21/09/2014
604,Marco,Joire,Male,108398,15/05/1993,37,USA,10,22/12/2005,1,USD,15/10/2018
898,Yves,Vicioso,Female,139537,14/08/1983,55,UAE,6,23/10/2005,2,USD,24/09/2006
929,Erich,Brumbie,Male,106786,13/01/1998,43,Australia,16,25/02/2011,3,USD,18/10/2014
766,Lelah,Costigan,Male,86743,01/02/1994,30,UAE,4,13/10/2009,8,USD,21/04/2010
667,Beatrisa,Heinsen,Female,114170,26/02/1988,61,Denmark,13,11/08/2012,4,USD,06/02/2012
828,Mendie,de Wilde,Female,114354,24/05/1981,25,Sweden,6,01/04/2001,3,USD,13/12/2000
766,Franz,Leivers,Female,119548,19/02/1988,47,Japan,19,06/07/2017,4,USD,20/11/2012
854,Corrie,Brazenor,Female,142600,04/11/1996,32,Brazil,10,07/07/2014,9,USD,04/06/2014
961,Waylan,Joinson,Female,141432,29/01/1999,33,Brazil,2,29/11/2005,3,USD,26/08/2007
920,Huberto,Matysik,Female,91354,20/04/1984,32,Canada,14,28/09/2001,2,USD,07/01/2005
893,Ivar,Deeves,Female,104971,10/08/1982,47,Japan,12,05/11/2013,4,USD,10/12/2015
999,Etan,Jone,Male,131543,15/10/1993,52,USA,14,31/10/2004,8,USD,04/02/2005
960,Aimee,Jeppensen,Female,93282,16/03/1996,45,Canada,13,06/03/2012,7,USD,27/05/2014
986,Maxie,Goodge,Female,106733,20/01/1990,26,India,14,23/11/2008,5,USD,28/07/2004
654,Kimmi,Fronks,Male,143060,15/11/1999,61,Denmark,14,12/04/2013,5,USD,27/12/2012
715,Marji,Hechlin,Male,118735,07/04/1998,37,India,10,01/07/2003,4,USD,17/08/2007
885,Glory,Charlson,Male,129213,06/05/1997,30,India,8,18/03/2006,2,USD,08/12/2007
612,Annadiana,Westney,Male,97231,15/10/1994,54,Canada,16,29/12/2012,3,USD,25/10/2004
843,Hinze,Annetts,Male,133017,25/09/1993,39,India,6,01/07/2009,9,USD,14/08/2008
501,Saundra,Sabben,Female,125301,29/07/1982,31,Sweden,9,23/05/2016,10,USD,01/09/2014
998,Hamid,Diggar,Male,145525,27/10/1983,50,Canada,12,22/05/2017,9,USD,11/08/2010
790,Marget,Spread,Female,81026,09/06/1989,32,India,7,05/06/2009,7,USD,13/07/2016
980,Abdel,Upjohn,Female,139879,27/02/1993,40,Japan,20,30/08/2008,9,USD,06/05/2014
975,Fara,Debow,Male,134312,04/02/1994,42,Brazil,8,24/02/2004,9,USD,25/09/2010
872,Cosimo,Meineken,Male,83272,20/09/1986,30,UAE,9,25/09/2016,10,USD,27/02/2013
610,Dulcy,Sein,Female,84903,31/12/1993,26,India,1,17/07/2014,7,USD,18/01/2017
970,Mendel,Lowdes,Female,126628,07/05/1981,59,USA,3,03/09/2001,5,USD,23/04/2018
863,Jedediah,Kadwallider,Male,137650,14/05/1998,58,Australia,18,25/06/2016,8,USD,28/10/2013
971,Queenie,Puddin,Female,144113,04/08/1992,22,India,7,09/11/2008,7,USD,10/09/2011
584,Turner,Kneller,Female,94978,02/09/1998,23,UAE,3,19/04/2015,6,USD,04/07/2001
632,Willabella,Sage,Male,138074,06/10/1997,34,Brazil,17,26/02/2018,10,USD,10/07/2016
645,Konrad,Cutts,Female,128806,04/12/1999,32,Sweden,7,01/11/2001,5,USD,07/04/2012
832,Trista,Nassy,Male,120779,19/10/1981,57,Brazil,4,27/12/2007,5,USD,26/02/2012
584,Roxie,Boothebie,Female,145841,16/02/1999,38,India,6,28/08/2014,2,USD,15/02/2008
901,Lettie,Truswell,Female,93174,03/01/1990,31,India,9,09/11/2004,7,USD,20/03/2011
561,Vinni,Goodlet,Female,147335,10/05/1985,25,UAE,15,11/03/2004,7,USD,01/06/2011
514,Yanaton,Vicioso,Male,125996,16/02/1981,31,Germay,16,25/08/2006,10,USD,26/10/2007
697,Lincoln,Tie,Female,85600,05/10/1999,63,India,18,02/05/2004,2,USD,09/12/2003
577,Clay,Kingsland,Female,131399,15/02/1988,55,Australia,19,16/08/2013,5,USD,16/12/2013
759,Danny,Antonomoli,Female,80552,29/09/1997,63,Australia,20,05/04/2009,7,USD,18/03/2000
996,Ole,Icom,Male,126175,18/05/1985,33,Denmark,14,25/10/2015,5,USD,20/05/2010
804,Chloette,Emby,Male,104874,01/09/1981,25,UAE,16,18/05/2002,1,USD,22/02/2006
538,Ulric,Ledgley,Male,106054,23/09/1994,53,Canada,10,16/02/2001,5,USD,26/10/2016
888,Carree,Andrassy,Male,100220,27/09/1982,50,Germay,2,20/08/2017,8,USD,22/01/2018
600,Katharine,Melanaphy,Female,115514,14/03/1989,64,Germay,16,26/12/2016,10,USD,18/10/2008
730,Theo,Zywicki,Female,89581,27/09/1996,29,Canada,4,03/11/2013,4,USD,20/09/2014
520,Elsy,Fillis,Female,146847,03/05/1986,64,Australia,1,23/09/2000,9,USD,01/04/2016
596,Klaus,Bush,Female,148986,12/08/1998,36,Germay,4,20/05/2003,10,USD,23/10/2018
962,Niko,O'Fearguise,Female,110340,05/05/1997,50,Germay,10,23/09/2013,7,USD,24/01/2004
619,Willdon,Jorioz,Male,103832,07/10/1986,29,Japan,3,13/02/2003,1,USD,07/04/2005
902,Tanhya,Dobbings,Female,112180,27/04/1980,52,Australia,11,20/12/2010,5,USD,07/04/2005
839,Benni,Rubroe,Male,148765,26/12/1997,32,USA,11,31/07/2012,5,USD,04/11/2005
824,Dukey,Lucien,Female,101946,26/03/1984,56,Japan,19,07/07/2009,1,USD,10/10/2004
505,Brennan,Sommer,Female,132173,19/12/1982,50,Brazil,17,15/10/2017,8,USD,01/08/2016
946,Jervis,Alan,Male,119692,10/02/1998,35,Brazil,13,05/07/2006,6,USD,12/10/2015
607,Tania,Dagleas,Female,95210,28/11/1985,44,Japan,9,18/02/2013,10,USD,13/08/2005
970,Meridith,Stubbs,Male,85144,16/03/1980,65,India,13,20/02/2010,10,USD,16/03/2006
537,Adolf,Carlett,Female,138807,11/11/1997,46,Canada,15,03/04/2000,1,USD,31/03/2016
709,Isiahi,Crowthe,Female,123520,30/05/1998,52,USA,1,02/05/2014,5,USD,07/10/2000
956,Rosa,Jailler,Female,125891,15/10/1988,29,Canada,17,02/08/2006,2,USD,11/04/2009
968,Bride,Skechley,Female,94325,13/06/1986,47,Australia,19,23/11/2015,10,USD,24/02/2017
555,Theobald,Haker,Male,85833,06/03/1981,44,China,9,16/02/2001,6,USD,05/11/2011
851,Roldan,Twitchings,Female,141817,19/12/1996,48,Brazil,9,02/11/2012,8,USD,18/11/2012
570,Liv,Tuplin,Male,103482,04/11/1987,53,Germay,12,12/12/2016,3,USD,16/01/2011
553,Gretal,Lourens,Male,140846,13/02/1993,29,Germay,4,23/11/2004,7,USD,02/10/2007
900,Tracy,Gue,Female,85984,16/04/1989,49,Japan,10,29/05/2016,3,USD,19/01/2010
939,Martainn,Tanswell,Female,130644,17/11/1980,64,Australia,10,26/09/2009,2,USD,03/03/2011
987,Rick,Zmitrovich,Female,116072,26/01/1997,60,Brazil,13,24/11/2010,3,USD,27/05/2008
914,Libbey,Kohnert,Female,143065,17/11/1993,28,Germay,8,08/04/2014,5,USD,28/07/2012
934,Lydia,Allsop,Male,103762,17/06/1987,33,UAE,16,17/02/2004,2,USD,21/12/2011
696,Arlina,Heatley,Female,136367,07/08/1988,57,India,9,19/04/2001,9,USD,02/05/2011
974,Zaccaria,Hinksen,Male,121905,05/07/1986,40,Australia,16,12/06/2000,7,USD,01/09/2015
662,Vance,Marklin,Female,98116,11/12/1988,44,Sweden,18,27/01/2009,6,USD,17/06/2018
983,Tommie,Heald,Male,95359,31/07/1981,50,Brazil,2,05/04/2002,10,USD,06/12/2005
554,Hector,Hawksley,Male,135668,07/05/1996,47,Sweden,13,07/11/2000,4,USD,27/06/2015
867,Dennis,Coslett,Female,99740,08/02/1981,53,Canada,4,13/04/2008,3,USD,17/07/2012
523,Ker,Forstall,Female,138466,18/05/1989,60,USA,17,10/07/2003,1,USD,08/02/2017
960,Pier,Kann,Female,94026,02/11/1999,29,Canada,6,11/12/2016,7,USD,11/12/2000
683,Susana,McConnell,Male,100897,01/07/1994,45,Australia,2,28/11/2012,2,USD,24/02/2011
945,Robbie,Ormesher,Male,137662,01/01/1994,22,Japan,18,01/04/2015,8,USD,30/01/2002
973,Joane,Guwer,Female,136871,17/09/1998,32,Denmark,11,17/10/2006,7,USD,29/06/2014
878,Noel,Tremblett,Male,85551,08/02/1983,23,China,3,27/08/2017,9,USD,05/07/2012
942,Horatio,Prator,Female,145100,08/10/1991,31,China,8,10/07/2003,10,USD,28/10/2017
630,Gris,Fransman,Male,94265,12/08/1996,42,India,2,07/02/2002,10,USD,07/09/2012
556,Jaymee,Botting,Male,116206,07/12/1990,36,Germay,4,25/06/2015,6,USD,02/10/2004
945,Borden,Birrell,Female,88361,19/11/1980,52,UAE,6,15/11/2010,1,USD,04/11/2002
594,Cordelia,Candish,Male,87833,08/02/1995,52,Germay,4,10/12/2006,4,USD,27/11/2017
743,Tracee,Kerr,Female,80795,01/07/1982,62,USA,20,28/11/2008,5,USD,23/10/2003
775,Egor,Casey,Female,115737,22/02/1984,22,China,10,02/03/2006,1,USD,24/10/2010
887,Zelda,Farmloe,Male,145736,02/12/1996,28,USA,1,14/08/2001,8,USD,12/04/2011
560,Dill,Pyper,Female,95835,06/12/1989,28,Sweden,17,18/08/2014,8,USD,18/08/2014
549,Anica,Manis,Male,115318,26/04/1993,31,UAE,20,23/06/2001,2,USD,30/05/2013
770,Friedrick,Giorgi,Female,100229,27/02/1989,29,Brazil,9,31/08/2004,7,USD,14/11/2006
558,Otes,Vairow,Female,128382,02/01/1988,57,Denmark,2,01/07/2008,10,USD,08/05/2012
520,Ian,Coffin,Male,147345,15/12/1998,45,Germay,19,14/12/2004,4,USD,08/01/2017
952,Andrea,Bogays,Male,110533,17/10/1993,30,Denmark,9,16/08/2007,5,USD,28/12/2014
761,Hamnet,Cronchey,Female,147602,27/11/1984,36,India,13,08/07/2001,6,USD,15/08/2018
777,Florette,Gillam,Female,88070,01/12/1984,63,USA,2,10/02/2007,6,USD,27/09/2015
921,Ernesta,Lagneaux,Male,148932,08/05/1981,53,Sweden,7,08/05/2011,9,USD,25/10/2009
922,Maurise,Christophers,Female,123180,07/09/1994,56,Denmark,14,28/07/2013,6,USD,19/11/2007
829,Bartholomeus,Tweedle,Female,115952,01/01/1996,59,UAE,5,19/01/2017,8,USD,08/07/2016
739,Heloise,Gimenez,Female,118320,28/07/1989,45,Canada,2,06/03/2013,3,USD,10/04/2013
820,Stanislas,Ballintime,Male,90844,16/10/1981,53,Sweden,11,26/12/2009,9,USD,08/07/2001
793,Ewart,Drain,Male,98487,20/10/1984,29,Germay,13,31/07/2015,1,USD,06/12/2009
776,Adah,Broader,Female,104120,29/04/1994,30,UAE,3,03/03/2005,9,USD,22/01/2012
828,Maye,Doerffer,Male,118485,08/04/1987,54,Germay,13,13/09/2003,9,USD,03/06/2017
586,Salim,Strephan,Male,99934,20/06/1992,56,Brazil,15,21/11/2017,1,USD,24/08/2004
988,Clark,Work,Female,116684,16/05/1980,44,Germay,1,13/09/2001,2,USD,14/06/2009
815,Iain,Chilley,Male,129810,01/12/1984,49,Japan,18,20/09/2012,1,USD,14/01/2018
974,Masha,Exter,Female,91663,21/03/1998,38,UAE,11,25/08/2011,5,USD,20/02/2012
710,Barney,Quilligan,Male,83517,29/01/1985,43,China,7,11/05/2015,10,USD,12/12/2012
862,Rodrigo,Whale,Female,112558,01/03/1998,25,Denmark,3,28/05/2011,10,USD,20/04/2016
572,Essy,Flieger,Male,93408,13/07/1982,40,Sweden,16,13/11/2017,8,USD,14/05/2015
541,Gardy,Poland,Female,84164,24/07/1987,44,Germay,1,19/12/2013,1,USD,15/03/2006
983,Chicky,Swadon,Female,111253,09/08/1983,38,Denmark,11,22/11/2003,9,USD,26/08/2015
824,Claresta,Kilban,Male,136086,15/08/1993,64,Germay,17,04/03/2003,3,USD,19/08/2011
828,Uri,Huston,Male,108067,01/10/1980,47,Brazil,11,25/11/2011,8,USD,17/04/2001
660,Curry,Pymer,Male,112631,17/10/1995,62,India,3,22/11/2000,3,USD,07/05/2018
684,Marty,Blackham,Male,91895,03/08/1996,62,India,13,30/04/2006,4,USD,03/10/2013
819,Berthe,Marzelli,Male,90624,10/10/1991,55,India,10,10/06/2017,5,USD,08/07/2005
731,Chris,Argyle,Female,125512,08/02/1992,27,India,9,22/08/2013,6,USD,28/06/2014
902,Mickey,Meatcher,Male,93699,13/12/1997,58,Sweden,6,12/02/2013,6,USD,15/02/2001
886,Germayne,Yeomans,Female,81734,17/12/1980,36,Sweden,17,13/01/2008,4,USD,17/09/2014
811,Carlie,Huster,Female,119442,06/04/1986,50,China,8,01/02/2007,8,USD,17/11/2016
857,Penny,Pragnall,Male,100870,11/04/1996,36,Canada,10,26/10/2006,7,USD,08/12/2015
844,Godfry,Millar,Male,99412,16/06/1984,38,Canada,1,15/01/2017,6,USD,14/10/2015
735,Godfrey,Harefoot,Female,143018,28/10/1995,58,Germay,4,29/03/2017,10,USD,18/10/2000
597,Bobbe,Sallery,Male,138776,14/02/1986,32,USA,9,20/04/2000,8,USD,01/08/2002
990,Jodi,Chilley,Male,94139,25/08/1988,28,Japan,8,23/01/2018,1,USD,23/11/2012
503,Courtenay,Volonte,Male,123730,29/06/1993,57,China,10,20/09/2015,6,USD,03/07/2010
736,Edik,Wilbraham,Female,113254,07/08/1982,27,Canada,10,14/03/2005,4,USD,28/07/2013
522,Julian,Ellerington,Male,84237,03/05/1986,22,Australia,7,26/04/2015,8,USD,04/06/2017
842,Vito,Innerstone,Male,103884,25/09/1992,22,Australia,17,03/10/2003,5,USD,17/04/2006
941,Loralyn,Gingell,Male,112539,12/03/1982,58,Japan,7,05/02/2015,1,USD,01/06/2002
955,Pembroke,Skeene,Male,112113,23/04/1984,42,Sweden,1,09/03/2014,8,USD,03/12/2001
686,Nettie,Lockhart,Male,93374,09/11/1999,39,UAE,11,17/11/2008,2,USD,19/12/2003
857,Rudy,Frith,Male,125375,23/12/1983,47,Denmark,4,25/08/2016,2,USD,06/09/2008
781,Glori,Ponder,Male,103013,14/10/1992,29,UAE,2,11/04/2013,8,USD,29/07/2005
646,Creigh,Ranger,Male,132342,24/12/1996,36,China,1,18/12/2013,3,USD,29/11/2018
943,Dory,Hawgood,Female,142057,30/04/1995,24,Denmark,1,16/06/2002,8,USD,20/11/2011
630,Monica,Humble,Male,112655,16/05/1995,31,Sweden,13,10/03/2005,5,USD,17/01/2018
702,Nicky,Ellings,Female,121879,12/07/1998,62,Denmark,1,23/11/2004,9,USD,04/10/2009
845,Aldin,Bloxsom,Male,101765,19/02/1993,50,Canada,7,13/09/2003,7,USD,01/03/2001
763,Merrill,Crush,Female,118058,07/06/1982,52,Canada,16,03/02/2007,8,USD,31/08/2012
797,Amandie,Kollach,Female,96845,29/10/1992,52,Japan,7,25/01/2007,10,USD,03/10/2007
945,Nicolis,Ronchka,Male,124663,05/10/1987,54,Denmark,20,26/03/2015,10,USD,13/11/2002
821,Kariotta,Rivalland,Female,147558,03/10/1999,37,UAE,9,12/05/2010,8,USD,12/01/2014
834,Bale,Kirkwood,Male,137789,10/05/1994,32,Denmark,9,19/05/2016,7,USD,27/07/2007
916,Lydie,Carnachen,Male,100502,04/04/1992,31,Australia,7,09/11/2008,4,USD,28/07/2012
780,Hershel,Mabbs,Male,124900,04/12/1994,37,Brazil,19,09/06/2005,9,USD,23/09/2005
864,Johnnie,Niece,Female,143876,24/04/1981,64,UAE,12,04/11/2002,5,USD,21/05/2016
845,Cody,Turney,Female,133114,17/06/1997,49,Canada,10,11/02/2015,2,USD,23/01/2008
675,Misty,Blindmann,Male,91959,14/03/1987,58,Australia,10,09/03/2015,3,USD,16/04/2009
736,Faye,Marjoribanks,Female,124407,17/10/1985,55,India,2,09/01/2004,2,USD,07/11/2017
712,Mathe,Stoakley,Female,102196,09/12/1994,22,Germay,18,14/12/2003,3,USD,12/05/2007
564,Emmie,Sommers,Female,81206,04/06/1998,44,Sweden,13,09/01/2007,1,USD,07/03/2006
750,Ode,Pattie,Female,92757,29/04/1982,22,UAE,8,03/11/2005,10,USD,25/09/2003
799,Latashia,Arpe,Female,95966,25/01/1989,63,Denmark,19,04/01/2014,6,USD,08/12/2009
935,Jedidiah,Pilcher,Female,108100,11/01/1994,32,Japan,2,20/05/2010,10,USD,07/04/2014
765,Theressa,Stables,Male,128020,04/11/1997,50,Sweden,2,05/01/2006,9,USD,12/12/2008
884,Clarissa,Plenty,Female,137303,29/06/1988,39,UAE,15,03/12/2004,5,USD,17/12/2012
827,Chrystal,Ballham,Male,81167,20/03/1986,50,Japan,7,16/06/2016,1,USD,16/12/2009
957,Letitia,Eddicott,Female,135620,25/12/1995,55,Germay,13,16/02/2004,2,USD,09/05/2008
761,Jessa,Bostock,Female,113891,16/01/1987,22,India,6,26/01/2008,1,USD,27/05/2018
734,Bettina,Bethel,Female,97748,02/05/1986,49,India,8,03/02/2006,5,USD,04/01/2004
